job_titles,Category
Data Science Graduate,Other
Junior Data Scientist,Data Scientist
Data Scientist,Data Scientist
Data Scientist Intern,Data Scientist
"Applied Scientist, Fintech (Fraud)",Other
Junior Data Scientist / AI Developer,Data Scientist
Junior Engineer Machine Learning / Deep Learning,Machine Learning Engineer
Data Scientist / ML Engineer,Data Scientist
AI Engineer,Data Engineer
Junior Data Scientist - Tableau,Data Scientist
Data Science Intern,Other
Data Scientist - LLM,Data Scientist
"Machine Learning Engineer, Fraud Prevention",Machine Learning Engineer
Machine Learning Engineer,Machine Learning Engineer
Werkstudent:in Datascience,Other
"Machine Learning Engineer, Search",Machine Learning Engineer
Data Scientist in Energy Tech Start Up - hybrid Berlin based,Data Scientist
Battery Scientist,Other
AI&Business Analyst / Consultant (Remote Internship),Data Analyst
AI Engineer (Intern),Data Engineer
Fraud Analyst,Data Analyst
Python Developer / Data Scientist - Remote or Berlin based,Data Scientist
ML / AI Engineer Intern,Data Engineer
"(Senior) Data Scientist (Analytics), Merchant",Data Scientist
Data Scientist/ML Engineer,Data Scientist
Data Analytics Training & Internship,AI/ML Specialist
ML Engineer,Machine Learning Engineer
"R&D Internship – Data Science, ML and AI",AI/ML Specialist
Working Student AI/ML  - (Any location in Germany),AI/ML Specialist
Product Data Analyst (Savings and Contract Optimization) mit 100% Homeoffice,Data Analyst
Data Scientist - Startup Berlin,Data Scientist
Data and AI/ML Engineer,Machine Learning Engineer
Werkstudent Data Science & Machine Learning - IIoT Projekte,Machine Learning Engineer
Intern AI-based Recommender Systems,AI/ML Specialist
AI Engineer for AI Startup,Data Engineer
(Global) Senior Applied Research Scientist,Research Scientist
Head of Artificial Intelligence,AI/ML Specialist
Senior Data Scientist,Data Scientist
Internship Data Analytics,Other
Sr Data Scientist - LLM,Data Scientist
Initiativbewerbung Data Science /BI,Other
ML Architect Engineer,Data Engineer
Python Developer,Other
Working Student Data Science and Data Engineering,Data Engineer
Junior Blockchain Data Scientist,Data Scientist
Publicis Media - (Junior) Data Scientist,Data Scientist
Artificial Intelligence Engineer,Data Engineer
Associate Data Science & Management Consultant,Data Consultant
"Data Analyst / Decision Scientist, Policy",Data Analyst
AI Consultant,AI/ML Specialist
(Junior) AI Engineer,Data Engineer
VP of Data & Analytics,Other
Trainee Data Science - 12 Monate,AI/ML Specialist
Data Scientist – Supply & Demand Modelling,Data Scientist
Data Analyst,Data Analyst
Insights Analyst,Data Analyst
Data Scientist - Customer Data Platform,Data Scientist
Head of Data Science,Other
Head of AI,AI/ML Specialist
DH-STUDIERENDE FÜR DATA SCIENCE & KÜNSTLICHE INTELLIGENZ 2025,Other
"Machine Learning Engineer, Applied AI",Machine Learning Engineer
Junior Machine Learning Engineer (Leipzig),Machine Learning Engineer
Visiting Analyst (January 2025 and onwards),Data Analyst
Artificial Intelligence Specialist,AI/ML Specialist
Head of Data & Analytics - Medical Cannabis Industry,Other
Portfolio Analyst,Data Analyst
"Data Science and AI Mentor (Freelance, Remote)",AI/ML Specialist
AI Engineer - Germany (Remote),Data Engineer
Internship Data Science & Data Visualization,Other
Data Analyst - Product,Data Analyst
"Senior Applied Scientist, Logistics",Other
Data & AI Scientist,AI/ML Specialist
Data Scientist*in - remote oder Karlsruhe,Data Scientist
Robotics and Autonomous Systems / Robotics and AI Engineer,Data Engineer
Data Scientist Consultant,Data Scientist
Senior Data Analyst,Data Analyst
"Data Analyst / Decision Scientist, Digital Marketing",Data Analyst
Data & AI Strategist,AI/ML Specialist
Lead Data Scientist (Deep Learning),Data Scientist
AI Developer,AI/ML Specialist
Aignostics' Talent Community,AI/ML Specialist
Working Student Data Science - Aerospace,Other
Machine Vision Engineer (Halcon),Data Engineer
Product Data Analyst (Banking + Data Quality) mit 100% Homeoffice,Data Analyst
Working Student Data Analyst,Data Analyst
Intern - Data Science in a Smart Energy Startup,Other
Data-Analyst,Data Analyst
Head Applied Data & Genetics Science – Seeds Field Crops Europe,Other
(Senior) Data Analyst / Data Scientist in Data Division,Data Scientist
Trainee Data Analytics,AI/ML Specialist
Machine Learning Working Student - Hybrid,Machine Learning Engineer
Projektmanager AI & Data Science,AI/ML Specialist
Data Scientist (Job-ID 2023061),Data Scientist
"Product Manager, DashOps",Other
Head of Data Science and AI,AI/ML Specialist
"Deutsche Bank Graduate Programme Technology, Data & Innovation 2025",Other
GOglobal Trainee Data & AI,AI/ML Specialist
Werkstudent Data Science,Other
Data Scientist - 24 month contract,Data Scientist
Data-Scientist/MLOps - KI-basiertes Recycling,Other
Senior Data Scientist (SOC / carbon modelling),Data Scientist
Associate Data Analyst,Data Analyst
"Research Engineer, Applied AI",Data Engineer
AI Engineer mit Schwerpunkt NLP,Data Engineer
Data Analyst Telematikdaten,Data Analyst
Data Scientist Automotive,Data Scientist
AI Software Engineer,Data Engineer
EMEA - Solutions Engineer,Data Engineer
Chief Data Officer,Other
Research And Development Engineer,Data Engineer
Google Cloud AI/ML Consultant,AI/ML Specialist
Working Student PV Performance Engineering,Data Engineer
(Junior) Data Analyst/ Business Analyst Procurement,Data Analyst
Strategy Manager Life Science,Other
Marketing Data Analyst,Data Analyst
"Research, Analytics, and Knowledge Management Team Lead",Research Scientist
HR Analytics Specialist,Other
AI Engineer (Senior),Data Engineer
Data Scientist & Machine Learning Engineer,Data Scientist
MLOps Engineer,Data Engineer
Working Student AI,AI/ML Specialist
Lead Data Scientist,Data Scientist
ML Ops Engineer - Berlin,Data Engineer
(Junior) Data Product Associate,Other
Product Analyst,Data Analyst
Senior Engineer Machine Learning / Deep Learning,Machine Learning Engineer
Senior Scientist Molecular Complex Development,Other
Deep Learning Researcher,Research Scientist
Werkstudierende - Tutoring im Data Science,Other
Analytics Engineer,Data Engineer
Python Developer in the field of ML and AI,AI/ML Specialist
DATA SCIENTIST,Data Scientist
Sports Scientist,Other
"Student Researcher, 2025",Research Scientist
Data Analyst / Data Scientist,Data Scientist
"Data Science & Engineering Lehrassistent:in (Pflichtpraktikum, Werkstudententätigkeit)",Data Engineer
Machine Learning Engineer - Freelance,Machine Learning Engineer
Pricing Actuary,Other
Junior AI Platform Engineer or Working Student,Data Engineer
Bioinformatician,Other
Data Engineering Internship - Gigafactory Berlin-Brandenburg,Data Engineer
Werkstudent:in Data Science,Other
Data Science Consultant,Data Consultant
Working Student (part-time) or Internship (full-time) QA and Testing,Other
Data Scientist/ AI-Architekt,Data Scientist
"Data Scientist - Time Estimations, Logistics",Data Scientist
Working Student Aerospace Data Science,Other
Data and AI Director,AI/ML Specialist
"Data Scientist Trainee Life and Health Reinsurance, 1792",Data Scientist
Business Intelligence Specialist,Business Intelligence (BI)
CRA/SCRA,Other
Junior Data Engineer,Data Engineer
Senior/Lead ML Engineer (AI-Powered Platform) - REMOTE UK/EUROPE/AMER,Machine Learning Engineer
Data Scientist / Data Engineer (Python),Data Scientist
Data Analyst / Data Engineer,Data Analyst
IT-Business / Data Analyst,Data Analyst
"Product Lead, Search",Other
Working Student Data Science,Other
Head of AI Research & Development (100% remote - Munich),Research Scientist
Product Associate,Other
Data Quality Manager,Other
"Data Analyst Berlin, Hamburg, Munich",Data Analyst
Data Engineer (English speaking,Data Engineer
(Senior) BI Analyst,Data Analyst
Chief Commercial Officer - AI (Berlin),AI/ML Specialist
Scientific Data Architect / Senior Scientific Data Architect- EMEA Remote,Other
Data Engineering Training & Internship,Data Engineer
Machine Learning Consultant,Machine Learning Engineer
Internship: Research & Insights  - Start: April 2025,Research Scientist
Bioinformatician in immunopeptidomics,Other
Data Analyst  – Process Mining und Datenanalyse,Data Analyst
Data Scientist - Sektion für Hämatologische Spezialdiagnostik,Data Scientist
Intern Data Science - Digital Product Offering,Other
"Senior Research Scientist (permanent, E15 pay scale)",Research Scientist
Senior Data / Machine-Learning Engineer,Data Engineer
Analytics Engineering Lead,Data Engineer
Intern Artificial Intelligence*,AI/ML Specialist
Intern Machine Learning & Computer Vision Engineer,Machine Learning Engineer
Bachelor of Science (DHBW) Data Science / Künstliche Intelligenz am Standort Winnenden 2025,Other
Praktikum: Data Science und KI,Other
Werkstudent Data Analytics,Other
Data Analytics Engineer,Data Engineer
"Data Science Consultant - QuantumBlack, AI by McKinsey",AI/ML Specialist
AI Research Scientist - Generative AI Red Teaming (London or Paris),Research Scientist
DWH Analyst,Data Analyst
(Senior) Machine Learning Data Scientist,Data Scientist
Internship AI engineer: Product driven research,Data Engineer
Lab Working Student,Other
Off-Cycle Analyst Intern - Hamburg,Data Analyst
Director of Data Science,Other
Data Engineer,Data Engineer
Business Analyst Intern,Data Analyst
(Junior) Consultant Data Analytics,Data Consultant
Business Analyst,Data Analyst
"Trainee Data Scientist Personen-Rückversicherung, 1792",Data Scientist
Spezialist Data Engineering & Data Science,Data Engineer
AI computational  material  researcher/expert,Research Scientist
"Data Scientist Lead and Team Lead ""Customer Intelligence Team""",Data Scientist
DATA ANALYST:IN,Data Analyst
Data Analyst / Scientist für die Energietransformation,Data Analyst
Data Scientist - Datenmanagement- AOK Bayern - Die Gesundheitskasse,Data Scientist
Analyst - Fokus Data Science / AI,Data Analyst
Unsolicited application (Full time),Other
Machine Learning Engineer (NLP),Machine Learning Engineer
Senior Machine Learning Engineer,Machine Learning Engineer
Principal Data Scientist,Data Scientist
Business Analyst / Controller,Data Analyst
"(Senior) Consultant Data Science & MLOps, d/f/m",Data Consultant
Chief AI Engineer,Data Engineer
Data Team Manager,Other
Senior Analytics Engineer,Data Engineer
Engagement Manager (Data & AI),AI/ML Specialist
Senior Data Scientist – Supply & Demand Modelling,Data Scientist
Unsolicited Application / Initiativbewerbung,Other
Data Scientist - Ranking,Data Scientist
Senior Staff AI Engineer,Data Engineer
Data Scientist (Growth Team),Data Scientist
Working Student –  Machine Learning (GenAI),Machine Learning Engineer
Bachelor of Science - Data Science und Künstliche Intelligenz - Start 01.09.2025,Other
Working Student - Data Annotator,Other
Trainee Data Engineering,Data Engineer
"Senior Data Scientist, gTech Ads",Data Scientist
AI Researcher,Research Scientist
Data Scientist*in/Data Analyst*in,Data Scientist
Global Engineer - Real World Evidence - Europe,Data Engineer
Senior AI Developer f/m/d,AI/ML Specialist
Intern Consultant Data Science and AI*,AI/ML Specialist
Data Scientist / AI Developer,Data Scientist
Research assistant with 75%part-time job limited to 30.09.2027 salary grade (Entgeltgruppe) 13 TV-L FU reference code: WiMi_Clementi_FAIME_2025,Research Scientist
Intern Data Science - Web & Commerce Analytics,Other
Head of Data,Other
Business Intelligence Consultant,Business Intelligence (BI)
Freelance Machine Learning Engineer,Machine Learning Engineer
Computational Chemist Lead,Other
Medical Research Coordinator - MedTech Venture,Research Scientist
Junior Business Intelligence Engineer (All Genders),Data Engineer
"Staff Data Scientist, Investment Modelling",Data Scientist
"Sr Scientist I, AI / ML",AI/ML Specialist
Operations & Marketing Associate,Other
(Junior) Consultant Data Science & Artificial Intelligence,AI/ML Specialist
UX Mixed Methods Researcher,Research Scientist
Machine Learning Engineer Autonomous Driving,Machine Learning Engineer
Data Analyst - MS Tech Stack,Data Analyst
Senior Data Scientist- Optimization,Data Scientist
"Atomic, Molecular, and Optical Physicist",Other
Data Scientist Natural Language Processing,Data Scientist
Research assistant - Department of Mathematics and Natural Science - Mathematics of Data Science Group - ID 142/2024,Research Scientist
Engineer AI,Data Engineer
Internship - Investment Product Analyst,Data Analyst
Trainee AI Engineer - 12 Monate,Data Engineer
Analytics Engineer - Graduate (Hybrid; m/f/x/d),Data Engineer
Data Engineering Consultant,Data Engineer
Working Student - Patient Insights,Other
Interns Epidemic Risk Solutions*,Other
Computational Biologist,Other
Bloomwell - Working Student Data & Analytics*,Other
Data Analytics Specialist,Other
Applied Scientist for Probabilistic Machine Learning and Human-Computer Interaction,Machine Learning Engineer
Cloud & Machine Learning Consultant,Machine Learning Engineer
Intern Data Science - Vehicle Testing Strategies,Other
Senior Data Scientist / AI Developer,Data Scientist
Data and AI Partner,AI/ML Specialist
Senior Data Scientist – Energy Storage / Li-ion / Battery Technologies,Data Scientist
"Research Assistant, Molecular Diagnostics",Research Scientist
Staff Data Scientist - Ad Tech,Data Scientist
Machine Learning Lead,Machine Learning Engineer
Technical Assistant - Biotechnology,Other
Product Manager Pricing & Analytics,Other
(Junior) Product Manager Financial Services,Other
Working Student – Customer Intelligence,Other
Full-Stack Data Analyst,Data Analyst
Data Engineering Working Student/Intern,Data Engineer
Data Analyst/Market Researcher,Data Analyst
Quantitative Power Trading Analyst,Data Analyst
Software Engineer mit Data Science Background,Data Engineer
Data/Software Engineer,Data Engineer
AI Engineer / Data Scientist m|w|d,Data Scientist
Artificial Intelligence and Machine learning Business & Data Analyst,Data Analyst
Data Analyst Battery Cell Testing,Data Analyst
Bachelor of Science - Wirtschaftsinformatik - Data Science - Start 01.09.2025,Other
Junior Credit Analyst,Data Analyst
Data Reporting Analyst,Data Analyst
Data Analyst in IT security company,Data Analyst
Research assistant,Research Scientist
Computational Scientist – (Machine Learning) Digital R&D Large Molecule Research,Machine Learning Engineer
Junior Clinical Research Associate,Research Scientist
Junior KI-Entwickler,Other
Product Analyst - Social Discovery app,Data Analyst
Junior Consultant,Data Consultant
Software Engineer (Python),Data Engineer
"Create a DataCamp Course - Cloud (Part-Time, Freelance)",Other
Internship - Credit Risk Analyst,Data Analyst
Machine Learning Engineer (LLM/RAG),Machine Learning Engineer
Government Affairs Specialist,AI/ML Specialist
Senior AI & Data Science Consultant,AI/ML Specialist
Working Student Artificial Intelligence,AI/ML Specialist
AI Lead,AI/ML Specialist
Data Analyst/Scientist für die Energietransformation,Data Analyst
Marketing Researcher,Research Scientist
AI-Engineer/Vollzeit,Data Engineer
"Generative AI Explorer (Stable Diffusion, ControlNet...)",AI/ML Specialist
Data Consultant,Data Consultant
Process Data Analyst,Data Analyst
Data & AI Business Consultant,AI/ML Specialist
Data Scientist and Process Mining Architect,Data Scientist
"Senior Data Scientist - Time Estimations, Logistics",Data Scientist
Junior Business Analyst Risikomanagement,Data Analyst
BI Analyst,Data Analyst
MLOps Engineer 100% remote,Data Engineer
Werkstudent AI & Digital Transformation,AI/ML Specialist
KI-Entwickler/in - Mitarbeiter/in Künstliche Intelligenz,Other
Senior AI Engineer,Data Engineer
Data Engineer Intern (Mandatory/Pflichtpraktikum),Data Engineer
Initiativbewerbung,Other
BI Business Analyst,Data Analyst
Associate - Index Operations,Other
Internship on Business and Data Analysis,Other
Senior Data Engineer Python/ML/AWS- Remote,Data Engineer
(Senior) Machine Learning Engineer,Machine Learning Engineer
Staff ML Engineer,Machine Learning Engineer
Breeding Informatics Analyst Full Time - in Tübingen,Data Analyst
"Data Science Intern - Summer 2025, EMEA (Remote)",Other
Python Full Stack Developer,Other
Data Engineer / Scientist,Data Engineer
Talent Pool,Other
Performance Engineer - Laundry Care,Data Engineer
Working Student (Sustainability),AI/ML Specialist
Master Student Cryopreserved Natural Killer (NK) cell research (m|f|d),Research Scientist
Data Science und KI - Smart Operations Management,Other
Teamlead Data Science und Data Engineering,Data Engineer
"Senior Python Developer (LLM-based applications, SME)",Other
Traineeship Data Engineer,Data Engineer
Software Engineer (Data & Python),Data Engineer
AI Engineer // Data Scientist,Data Scientist
Praktikum Data Analytics,Other
Praktikant Data Science/Data Analytics,Other
Werkstudent Softwareentwicklung ML Computer Vision im KI Startup,Other
Generative AI Engineer,Data Engineer
Venture Development Tech Analyst,Data Analyst
Junior Professor of Artificial Intelligence and Machine Learning,Machine Learning Engineer
Praktikum Data Science / Analytics,Other
Mathematiker:in / Physiker:in Aktuarielles Controlling,Other
Product Manager,Other
Process Development Engineer,Data Engineer
Product Manager (DeFi / Earn) - Web3,Other
"Process Engineer (relocation to St. Gallen, Switzerland)",Data Engineer
Master of Science (M.Sc.) Start 2025 Location Berlin-Potsdam (VT/STAR),Other
Machine Learning Software Developer (Karlsruhe),Machine Learning Engineer
Lead Machine Learning Engineer – Generative AI,Machine Learning Engineer
Praktikum im Bereich Data Science / Data Analytics,Other
Senior Data Scientist - Large-scale Machine Learning,Data Scientist
Working Student Data Science & Data Engineering,Data Engineer
Werkstudent Insights / Analytics ab Februar 2025,Other
Computer Scientist | InformatikerIn | Software EntwicklerIn für klinische KI-Forschung und Anwendung,Other
"Student Engineering, Natural Sciences, Data Science or similar",Data Engineer
"Senior Data Scientist, Campaigns",Data Scientist
Working Student –  Machine Learning (Audio),Machine Learning Engineer
NGS Data Analyst for Molecular Oncology,Data Analyst
Werkstudent BI & Analytics,Business Intelligence (BI)
Technical Solutions Engineer - Data (Remote),Data Engineer
Consultant AI & Analytics,AI/ML Specialist
Initiativbewerbung Graduates Consulting @ MHP – A Porsche Company,Other
Praktikum Data Science (Schwerpunkt Machine Learning),Machine Learning Engineer
VidLab7: Intern/Working Student - Machine Learning,Machine Learning Engineer
Working Student –  Machine Learning (Video),Machine Learning Engineer
Data Scientist - Consumer (Global Discovery),Data Scientist
(Junior/Mid-level) Big Data Engineer,Data Engineer
Data & AI Scientist Personalized Computational Genomics,AI/ML Specialist
(Senior) Data Scientist / ML Engineer,Data Scientist
Senior Machine Learning Data Scientist,Data Scientist
Data Scientist (mwd),Data Scientist
Internship Battery Analytics,Other
Data Analyst:in Münster/Köln/Berlin/Remote (DE),Data Analyst
(Junior) Data Engineer,Data Engineer
Werkstudent:in – Business Analyst (Energy),Data Analyst
"Analytics and Insight Professional, Amazon Advertising, Analytics and Insights",Other
Working Student - Data Analyst,Data Analyst
Assistant Databases and Data Analysis,Other
Research Engineer,Data Engineer
Intern/WS - Product Data Science,Other
Project Management Assistant (Real World Data),Other
Data Scientist / Engineer mit LLM-Fokus,Data Scientist
Trainee Data Science – Fokus NLP,AI/ML Specialist
Bachelor of Science (DHBW) Wirtschaftsinformatik - Data Scienc am Standort Obersontheim 2025,Other
AI Platform Engineer,Data Engineer
Machine Learning Software Engineer – Optimization & LLM Development,Machine Learning Engineer
Data and Reporting Analyst,Data Analyst
Senior ML Engineer,Machine Learning Engineer
Junior Techno-Economic & Sustainability Analyst,Data Analyst
Working Student - ML/AI Developer – Document Understanding,AI/ML Specialist
Digital Marketing & Data Analytics Manager,Other
"Product Lead, Platform Products",Other
Data Engineer / Analyst,Data Analyst
Head of / VP - Data Experience,Other
Trainee Analytics Engineer,Data Engineer
Business Intelligence Workshop,Business Intelligence (BI)
Business Intelligence und Data Analyst,Data Analyst
Werkstudent Python im Bereich Data Science,Other
Professor for Data Science,Other
"Lead AI Engineer (Cloud, Machine Learning)",Machine Learning Engineer
Financial Analyst Intern,Data Analyst
Business Intelligence Engineer*,Data Engineer
Head of IoT,Other
Working student software development,Other
Wissenschaftliche/r Mitarbeiter/in | Thermomechanische Simulation,Other
Fraud Fighter Wanted,Other
Initiativbewerbung: Wissenschaftliche Mitarbeitende,Other
MRI Working Student/Intern,Other
Business  Development Manger,Other
Werkstudent Data Science / Data Engineering,Data Engineer
Duales Studium – Data Science und Künstliche Intelligenz,Other
Product Analytics Associate (Based in Dubai),AI/ML Specialist
PRAKTIKUM / PRAXISSEMESTER IM BEREICH DATA SCIENCE,Other
"Applied Scientist, Content Systems Science and Engineering, Amazon",Data Engineer
Data Product Manager,Other
Business Intelligence & Analytics Manager,Business Intelligence (BI)
Data Analyst at Allianz SE,Data Analyst
Senior Product Manager - Fraud Prevention,Other
Product Analyst - Shopping Experience,Data Analyst
Software & AI Engineer in Health,Data Engineer
Praktikant*in Data Engineer / Data Scientist Cloud Analytics,Data Scientist
Data Scientist - Process Mining,Data Scientist
"Associate Special Project, Esports",Other
Bachelor of Science - Data Science und Künstliche Intelligenz ab 01.09.2025,Other
Intern Business Analytics - Web & Commerce,Other
"Product Lead, Pricing",Other
Data Analyst (Job-ID 2022099),Data Analyst
Werkstudent Business Intelligence und Analytics,Business Intelligence (BI)
Talent Day - Explore a Tech Career with Netlight,Other
AI Software Developer in Test,AI/ML Specialist
Start Up Praktikum Business Intelligence,Business Intelligence (BI)
Trainee Data Engineer,Data Engineer
AI consultant  - Energy,AI/ML Specialist
Software Engineer - Machine Learning,Machine Learning Engineer
Consultant AI & Data Analytics / Data Science in München,AI/ML Specialist
Werkstudent AI Developer- Taktile Robot Skills,AI/ML Specialist
Junior Managers Program - Business Intelligence und Analytics - Trainee Program (f/m/div.),Business Intelligence (BI)
PhD Candidate,Other
Chief Technology Officer,Other
Data Analyst Search,Data Analyst
HR Data Analytics - Gigafactory Berlin-Brandenburg,Other
Data Analysis Expert Battery Test Field,Other
WERKSTUDENT*IN IM BEREICH DATA SCIENCE,Other
Product Safety Specialist *,Other
(Junior) Specialist ESG Reporting,Other
"Data Analysis, Modeling & Simulation Engineer",Data Engineer
BI & Data Modeling Expert,Business Intelligence (BI)
Laboratory management,Other
Working student in Clinical Data Management m/f/d,Other
Internship for Battery Data Analysis and Lab Automation,Other
Consultant AI & Data Analytics / Data Science in Berlin,AI/ML Specialist
Head of Clinical Data Management & IT,Other
DevOps/ML Engineer,Machine Learning Engineer
Computer Vision Engineer,Data Engineer
Financial Analyst - Intern (Remote Internship - Finance),Data Analyst
Business Intelligence Manager,Business Intelligence (BI)
AI/ML Engineer - Biomedical AI,Machine Learning Engineer
Data Engineer / Data Analyst,Data Analyst
Junior Managers Program - Business Intelligence und Analytics - Trainee programm (f/m/div.),Business Intelligence (BI)
Consultant AI & Data Analytics / Data Science in Frankfurt (Main),AI/ML Specialist
Staff Data Scientist - Consumer Insights & Marketing Technology (CIMT) ( All genders ),Data Scientist
Chief Technology Officer - Must be based in Germany,Other
(Junior) Cloud Data Engineer,Data Engineer
Economic Modeller / Contract Role Full Remote,Other
Data Analyst bei Siemens,Data Analyst
Head of R&D,Other
Director of AI Engineering,Data Engineer
"Data Scientist, Mathematiker - Dateningenieur- AOK Bayern - Die Gesundheitskasse",Data Scientist
Robotics Software Engineer all levels,Data Engineer
Data Analyst / Remote möglich,Data Analyst
Product Analyst – Business Data & Insights,Data Analyst
Data Science Analyst,Data Analyst
Controlling & Analytics Trainee,AI/ML Specialist
Intern - Business Intelligence / Data Warehouse,Business Intelligence (BI)
Data Scientist - Lexware Office,Data Scientist
AI Experience Researcher,Research Scientist
Data Scientist with focus Clinical Statistics (f/m/d - part/full-time),Data Scientist
Praktikant Data Science,Other
Senior Data Scientist - Operations Research,Data Scientist
Simulation and Machine Learning Engineer,Machine Learning Engineer
Analytics & Insights Internship,Other
IIoT Research Developer – Young Professional,Research Scientist
Working Student - Software Development,Other
"Senior Data Scientist, Payments Product",Data Scientist
Carbon Project Risk Analyst,Data Analyst
Junior Consultant Business Intelligence,Business Intelligence (BI)
Consultant - Digital Analytics for Hamburg,Data Consultant
Bench Scientist,Other
Intern - Global Data and Analytics,Other
DATA ANALYST,Data Analyst
Junior DevOps / Machine Learning Engineer,Machine Learning Engineer
Werkstudent Business Intelligence,Business Intelligence (BI)
Lead Consultant AI (Ref:IgLWy),AI/ML Specialist
Masterprogramm Data Science & Business Analytics,Other
NLP Engineer,Data Engineer
Werkstudent im Bereich Datenmanagement,Other
2025 Working Student Internship - Business Intelligence Engineer,Data Engineer
BI Manager Data Science/Data Analytics,Business Intelligence (BI)
IT Business Analyst for Research Labs,Data Analyst
"Abschlussarbeit zum Thema: „Generative KI""",Other
Senior Data Scientist - Remote from Germany,Data Scientist
Program/Product Manager Intern,Other
Data Scientist - Customer Success Projects (ValueWorks),Data Scientist
Senior Software Developer Data & ML,Other
Working Student: Data Science and Data Analytics (f/m/div),Other
Teamlead Data Intelligence,Other
MRI Scientist,Other
Consultant AI & Data Analytics / Data Science in Hamburg,AI/ML Specialist
Research Engineer/Analyst,Data Analyst
Working Student - Machine Learning and NLP for Open-Source Intelligence Evaluation,Machine Learning Engineer
Data Science Intern - Intelligence Automation (Remote),Other
Senior Data Science Consultant,Data Consultant
BI-Entwickler Trainee (Data Analyst / Data Engineer),Data Analyst
Consultant AI & Data Analytics / Data Science,AI/ML Specialist
Business Intelligence Analyst,Data Analyst
Internship Clinical Data Science with focus on Bayesian Statistics,Statistician
SEO - Data Analyst:in,Data Analyst
Consultant Data Science Credit Risk in Berlin,Data Consultant
Machine Learning Engineer (NLP) - Climate Tech,Machine Learning Engineer
Head of ML Platform & Developer Productivity,Other
Fraud Operations Specialist,Other
AI Engineer / AI Developer bei einem SaaS-Unternehmen aus Würzburg (Full-Remote oder vor Ort),Data Engineer
Bachelor/ Master Thesis: Methane leak localization from ambient data,Other
Senior ML / AI Engineer,Data Engineer
Trainee Data Engineer - 12 Monate,Data Engineer
Consulting & Analytics Summer Intern,Other
AI & Data - Analyst,Data Analyst
Certified Strength and Conditioning Specialist,Other
Masterarbeit,Other
Head of Data & Analytics,Other
Werkstudent/Praktikant im Bereich Data Science/Analytics & AI,AI/ML Specialist
Business Intelligence Developer * (Junior Level),Business Intelligence (BI)
Lead ML Engineer,Machine Learning Engineer
2025 Software Development Engineer - Machine Learning,Machine Learning Engineer
DWH-Entwickler,Other
Working student / internship in the area of Data & AI - Data Engineering,Data Engineer
Sr. Machine Learning Engineer,Machine Learning Engineer
Climate Risk Intern*,Other
Werkstudent Analytics: Editorial Intelligence,Other
Associate / (Senior) AI Technology Consultant,AI/ML Specialist
Gesundheitsökonom / Data Scientist im Gesundheitswesen,Data Scientist
Senior Product Manager,Other
(Junior) Consultant | Gen AI Finance,AI/ML Specialist
Data Scientist / Biostatistician,Data Scientist
Genomics Data Scientist,Data Scientist
Junior Quality Lab Scientist Microbiology,Other
Data Scientist Short-Term Asset Trading,Data Scientist
Data Scientist in Hamburg | EPROFESSIONAL,Data Scientist
KI Data Scientist,Data Scientist
Data Scientist mit Schwerpunkt Operationalisierung,Data Scientist
Data Scientist 100%,Data Scientist
Junior Data-Scientist,Other
Working Student / Internship – Data Scientist,Data Scientist
Data Scientist mit Schwerpunkt Datenarbeit,Data Scientist
Data Scientist mit Fokus auf Big Data und KI,Data Scientist
Praktikant:in im Bereich Data Science und Prozesssoptimierung,Other
Junior Aktuar/Actuarial Data Scientist Non-Motor Köln,Data Scientist
"Data Scientist, Internship, Germany - BCG X",Data Scientist
Data Scientist zur Auswertung und Analyse von komplexen Messdaten,Data Scientist
Student Data Scientist,Data Scientist
"Data Scientist Digital Health ‒ Strategie, Analyse & Infrastruktur",Data Scientist
(Junior) Data Scientist,Data Scientist
Ingenieur / Data-Scientist,Other
ACTUARIAL DATA SCIENTIST,Data Scientist
Decision Scientist,Other
Data Scientist Optical Spectroscopy,Data Scientist
Junior Data Scientist Reise,Data Scientist
Trainee Data Analyst / Scientist,Data Analyst
Scientist - In vivo Pharmacology,Other
Werkstudent Data Scientist,Data Scientist
Data Scientist für das Pathologische Institut,Data Scientist
Data Engineer / Data Scientist,Data Scientist
CO-Data Scientist,Data Scientist
(Senior) Data Scientist - Document and Text Analytics,Data Scientist
Senior Data Scientist - Data & AI,Data Scientist
"COMPUTATIONAL GENOMICS SCIENTIST, Referenz: „51004-24-05-WAPRO“",Other
Forecasting Data Scientist SCM,Data Scientist
(Senior) Data Scientist,Data Scientist
Health Data Analyst*in,Data Analyst
Werkstudent Fixed Income Data Scientist,Data Scientist
Senior Data Scientist im Automotive Bereich,Data Scientist
Digital Data Scientist,Data Scientist
Projektingenieur - Data Scientist,Data Scientist
GenAI-Developer/Data Scientist,Data Scientist
Junior Data Scientist Controller,Data Scientist
Scientist for the area Immunoassays (full-time),Other
Senior Data Scientist (Recommendation Systems Expert),Data Scientist
Data Scientist – AI Engineer,Data Scientist
Werkstudententätigkeit als Business Data Scientist,Data Scientist
Data Scientist - Data Engineering,Data Scientist
Instrument Scientist (Gamma Rays and UV) in Astroparticle Physics,Other
Data Scientist / Machine Learning Expert,Data Scientist
DATA ENGINEER M/W/D,Data Engineer
Senior Data Scientist NLP/GenAI,Data Scientist
(Senior) Data Scientist Analytics,Data Scientist
Data Scientist - Portfolio Analyst & Product Owner*,Data Scientist
Data Scientist w/m/d,Data Scientist
Senior Data Scientist - Business Intelligence Application,Data Scientist
"Research Scientist I, Germany",Research Scientist
(Senior) Data Scientist Health Data Lab,Data Scientist
Scientist Viral Vector Production,Other
R&D Scientist,Other
Scientist/DevOps in EScience Section,Other
Senior Specialist/Data Scientist OSS Analytics in Voll- und Teilzeit,Data Scientist
"Scientist Digital Imaging, Referenz: „51001-24-03-WAPRO“",Other
(Senior) Data Analyst / Scientist,Data Analyst
Working Student Trading & Risk Management Data Scientist,Data Scientist
Staff Scientist Cell Therapy-Type 1 Diabetes,Other
Senior Analytical Scientist,Other
Team Lead Data Scientist,Data Scientist
Junior Scientist Machine Learning / Deep Learning,Machine Learning Engineer
Praktikum Data Scientist im Produktkomplexitätsmanagement,Data Scientist
Postdoctural Scientist for detector calibration and optimisation,Other
Data Analysis / Data Engineering / Data Science,Data Engineer
"2025 Applied Scientist Internship, Amazon University Talent Acquisition",Other
Electrical Engineer or Computer Scientist in Technical Support / Automation Technology,Data Engineer
"DATA SCIENTIST ENGINEER DIGITAL SOLUTIONS – BRAUNSCHWEIG, BERLIN",Data Scientist
Senior Operations Research Scientist,Research Scientist
Business Data Analyst & Engineer,Data Analyst
Data Analyst m/f/d,Data Analyst
DATA SCIENTIST SMART PROCESS AUTOMATION,Data Scientist
Intern Data Science & AI,AI/ML Specialist
Senior Scientist,Other
Data Scientist – CRM / Kundenbeziehungsmanagement,Data Scientist
"Applied Scientist, Amazon Robotics R&D",Other
Werkstudent:in im Bereich Data Science und Prozesssoptimierung,Other
Data / Analytics Engineer,Data Engineer
"Applied Scientist, Artificial General Intelligence, AGI Information",Other
Computational Materials Scientist*,Other
Scientist Biotic Stress Trait Development,AI/ML Specialist
Data Engineer Big Data,Data Engineer
Post Doc - Data Science in Drug Discovery,Other
"Scientist at innoFSPEC, AIP Technology Transfer",AI/ML Specialist
Scientist in vitro DMPK,Other
Principal Electron-Optics Research Scientist (E),Research Scientist
"Lead Data Scientist, Insurance - BCG X",Data Scientist
(Associate) Consultant (Gen) AI & Data Scientist | AI Garage,Data Scientist
Data Scientist - Supply Chain & Procurement,Data Scientist
Aktuar (DAV)/Data Scientist - Krankenversicherungen & Data Warehouse,Data Scientist
Principal/Senior Scientist Non-Infectious Disease - Cardio-Metabolic Renal Disease (Research),Research Scientist
Postdoctoral Scientist for Artificial Intelligence in Oncology,AI/ML Specialist
Scientist/DevOps Position in EScience Section,Other
Senior Data Engineer Advanced Analytics,Data Engineer
"Applied Scientist II (L5), AFT AI, Amazon AFT AI",AI/ML Specialist
Scientist / Postdoc in bioinformatics Institute Molekularbiologie,Other
Detector Calibration and Characterisation Scientist,Other
Scientist / Study Director,Other
Senior Consultant / Manager (Gen) AI & Data Scientist | AI Garage,Data Scientist
Research Scientist BIOCHEMISTRY/BIOPHYSICS,Research Scientist
Scientist / Postdoc: Analysis of Microscopic BIOMedical Images (AMBIOM),Other
Senior Scientist - Mass Spectrometry,Other
Postdoctoral Scientist Chemistry Innovations for Oligonucleotide Delivery,Other
Senior Research Scientist in vitro neurophysiology,Research Scientist
"Senior Applied Scientist, Amazon Robotics R&D",Other
Senior Sensory Scientist,Other
Analytics Engineer (m|w|d) im Bereich Business Intelligence & Web Analytics,Data Engineer
Senior Data Scientist Generative AI,Data Scientist
(Senior) Scientist Primary Pharmacology of the Target Incubator Unit,Other
Senior Scientist / Platform Lead Process Cheese - Temporary contract until 28.02.2027,Other
Senior Controlling Data Scientist,Data Scientist
"Director, Clinical Scientist",Other
Senior Data Scientist / Senior Software Technology Engineer,Data Scientist
Senior Data Scientist | hybrid (office/remote),Data Scientist
Research Scientist BIOPHYSICS WITH FOCUS PLATE-BASED ASSAYS,Research Scientist
"Postdoctoral Scientist, Amazon Robotics",Other
Scientist (m/f/div) Bioprocess Development RDI-Projects,Other
Senior Applied Scientist- Network Optimization,Other
"Praktikum Data Science im Bereich Preis-, Immobilienmarkt- und Konjunkturstatistiken",Other
Projektleiter:in Künstliche Intelligenz,Other
Scientist in the field of fiber preform development for active fibers,Other
Senior Backend Developer,Other
Postdoctoral Researcher,Research Scientist
DATA ENGINEER,Data Engineer
Principal Applied Scientist - Network Optimization,Other
"Senior Manager, Safety Scientist",Other
Senior Applied Scientist - Fulfilment Planning,Other
Werkstudent Machine Learning Engineering,Machine Learning Engineer
Research Assistant/Associate,Research Scientist
RESEARCH SCIENTIST  PROTEIN CRYO-EM WITH PROJECT MANAGEMENT SKILLS,Research Scientist
Research Scientist (PhD m/f/d) in Nuclear Physics,Research Scientist
Data Scientist/Analyst prüfungsnahe Beratung/Quants - Assurance (Financial Services),Data Scientist
Principal Applied Scientist - Payments,Other
"Research Assistant/Associate PhD students for ""Research and Development in the Field of Optical Flow Diagnostics"" (TME 129_241100)",Research Scientist
Principal Applied Scientist - Transactions Risk Management,Other
Working Student - Business Consulting & Research,Research Scientist
Senior Data Scientist mit Schwerpunkt Ökonometrie/ Predictive Analytics,Data Scientist
Physicist Dosimetry Expert,Other
"Scientist III, Field Applications",Other
"Senior Applied Scientist, Artificial General Intelligence",Other
Bachelor-/Master Thesis »Full-field Thermo-mechanical Characterization of Glass Materials«,Other
Senior Scientist R&D Life Science MS,Other
"Scientist (Postdoc) for Scanning Microprobe Endstation at Beamline P25, PETRA III",Other
Postdoctoral Scientist - Metabolomics Specialist for Drug Safety - all genders - (Fixed-term contract 24 months),Other
Staff ML / AI Engineer,Data Engineer
DATA SCIENCE MANAGER*,Other
Postdoctoral Researcher (m/f/div) in Microbiome research,Research Scientist
AI Architect & Optimization Specialist,AI/ML Specialist
Postdoctoral Scientist / Researcher  in Relativistic High-Intensity Laser-Plasma Theory and Simulation,Research Scientist
Scientist in the field of fiber drawing technology for active fibers,Other
"Research Assistant/Associate PhD students for ""Research and Development in the Field of Combustion Systems with Optical Flow Diagnostics"" (TME 130_241100)",Research Scientist
Scientist in the field of fiber drawing technology for active fluoride fibers,Other
Business Analyst - Marketing Planning und Forecasting,Data Analyst
Werkstudent Java-Entwickler,Other
(Senior) Consultant AI Specialist,AI/ML Specialist
IT Projektleiter / Projektmanager (mwd) DevOps,Other
Postdoc,Other
INTERDISCIPLINARY ENGINEER/SCIENTIST,Data Engineer
Senior AI Scientist: SAP Business AI - SAP Knowledge Graph,AI/ML Specialist
Senior AI / ML Engineer,Machine Learning Engineer
PostDoc in atmospheric physics on deep learning / foundational modelling of clouds,Other
"PostDoc in ""A system-wide view of processes driving recent observed Southern Ocean change""",Other
Senior Machine Learning Engineer DevOps/MLOps,Machine Learning Engineer
"Senior ML Engineer, AWS Generative AI Innovation Center",Machine Learning Engineer
Senior Consultant IT Regulatory Risk / Risikomanagement,Data Consultant
(Sen.) Data Scientist,Data Scientist
Binance Accelarator Program - LLM Data Scientist,Data Scientist
Staff Data Scientist,Data Scientist
Geospatial Data Scientist with focus on remote sensing,Data Scientist
Data Scientist - Schwerpunkt Customer Intelligence,Data Scientist
eine/n Data Scientist/in,Data Scientist
Data Scientist/Bioinformatiker im Team Molekulargenetik,Data Scientist
"(Wirtschafts-)Mathematiker, Statistiker, Data Scientist für die Tarifentwicklung Komposit",Data Scientist
VPP Modeling Engineer / Data Scientist,Data Scientist
Data Scientist Online Analytics,Data Scientist
Data Scientist (alle Geschlechter),Data Scientist
Scientist- LC-MS: Drug Product Characterization for Biopharmaceuticals,Other
Data Scientist / Engineer,Data Scientist
Data Scientist (jun. / sen.),Data Scientist
Data Scientist NLP and Text Mining,Data Scientist
Principal Data Scientist - Media Measurement,Data Scientist
Senior People Data Scientist (All genders) - Global People Analytics team,Data Scientist
(Senior) Fraud Data Scientist / Data Analyst,Data Scientist
Senior Data Scientist for Innovative Digital Product,Data Scientist
(Senior) Data Scientist in München,Data Scientist
"Scientist – DNA-, RNA- Oligonucleotide Synthesis",Other
(Senior) Data Scientist / Researcher,Data Scientist
Data Scientist mit Fokus auf datengetriebenes Marketing,Data Scientist
ML Software Engineer / Data Scientist,Data Scientist
Data Analyst / Scientist (Microsoft PowerBI und MS SQL Server),Data Analyst
SENIOR DATA SCIENTIST,Data Scientist
"Junior Scientist (DEL), Bachelor/Master",Other
Working Student - Data Scientist and Process Mining Architect,Data Scientist
Junior Integration Engineer // Data Engineer,Data Engineer
Data Architekt / Data Engineer / Data Scientist,Data Scientist
Data Scientist Datenmanagement,Data Scientist
Principal Research Scientist I  Medicinal Chemistry (permanent / full-time),Research Scientist
"Material Development Engineer, Formulation Scientist",Data Engineer
Data Scientist / Softwareentwickler,Data Scientist
(Senior) Data Scientist with focus Clinical Statistics (f/m/d - part/full-time),Data Scientist
Staff Scientist,Other
Senior Data Scientist - Fraud & Credit Risk,Data Scientist
Softwareentwickler/Data-Scientist für MES Integration im Bereich Li-Ion Large Cells,Other
Data Scientist / Data Analyst,Data Scientist
Principal Data Scientist \u007C Pricing,Data Scientist
Senior Data Scientist - Conversational AI (German Speaking - AI Teams,Data Scientist
Postdoctoral Scientist Position,Other
Senior Remote Sensing Scientist,Other
1D/2D MATERIAL SCIENTIST,Other
Senior/Principal Scientist Systems Pharmacology PBPK /...,Other
Scientist/Research-Associate – Retinal Gene Therapy,Research Scientist
Scientist - Protein Analytics,Other
Consultant | Senior Consultant Data Scientist in Credit Risk Management,Data Scientist
Quantum Scientist - Superconducting Qubits (remote-ish),Other
Senior Data Scientist NLP in München,Data Scientist
Senior Data Engineering Consultant,Data Engineer
Senior Data Scientist * Generative AI,Data Scientist
"Field Application Scientist, EMEA",Other
"Postdoctoral scientist, Atmospheric global observing system simulations",Other
Scientist – Optical Design and Simulation,Other
Senior/Principal Scientist Systems Pharmacology,Other
Staff Engineer - Machine Learning,Machine Learning Engineer
Postdoctoral | Research Scientist (W-0033),Research Scientist
Werkstudent für Machine Learning (in Präsenz),Machine Learning Engineer
"Principal Research Scientist II, AI / ML Team Lead",Research Scientist
Technical Investigator / Data Scientist - AI Safety,Data Scientist
(Senior) Data Scientist with focus SAS programming (f/m/d - part/full-time),Data Scientist
Postdoctoral | Research Scientist (W-0032),Research Scientist
Life Scientist as Global Technical Support Specialist (m|f|d) French Speaking,Other
Data Engineer - Recommendation Systeme,Data Engineer
Postdoc for the investigation of biomaterial structural properties,Other
"Senior Data Scientist, AI-Experte für Natural Language Processing",Data Scientist
Backend Developer,Other
(Junior) Berater Business Intelligence,Business Intelligence (BI)
(Senior) Biochemist / Biopyhsicist,Other
Doctoral Researcher Position in Materials Science,Research Scientist
IT Entwickler / Data Scientist – Systembetrieb (befristet auf 2 Jahre),Data Scientist
Data Scientist Pathologisches Institut,Data Scientist
Data Scientist als Modellentwickler Einsatzplanung Energiesysteme,Data Scientist
Spezialist Risikocontrolling CO2-Accounting / Data Scientist,Data Scientist
Data Scientist Smart Process Automation,Data Scientist
Senior Data Scientist / Senior Software Technology Engineer*,Data Scientist
Junior Aktuar / Data Scientist für das Pricing Aktuariat,Data Scientist
Junior Data Scientist Controller [JR105592],Data Scientist
"Data Scientist in den Bereichen NLP und LLM (Entwicklung/ Betrieb, Kompetenzaufbau und Support)",Data Scientist
Trainee - Data Analyst / Data Scientist,Data Scientist
Trainee Data Scientist Personen-Rückversicherung,Data Scientist
IT Consultant - SAP Fiori / ABAP / User Experience / CDS Views,Data Consultant
Full-Stack Data Analytics/Data Science Expert im Competence Center Digital Accelerator (d/m/w/x),Other
Senior Full-Stack Data Analytics/Data Science Expert*in im Competence Center Digital Accelerator im Mercedes-Benz Management Consulting (d/m/w/x),Other
(Senior) Data Scientist  with Spanish language skills,Data Scientist
(Senior) Data Scientist  Internationales Team,Data Scientist
Senior Data Scientist (mwd),Data Scientist
Senior Data Scientist – Risikomodelle,Data Scientist
Business Relationship Manager BI and Data Science,Business Intelligence (BI)
Data Science Lead - Credit Risk,Other
(Senior) Consultant Data Science Time-Series & Forecasting (Data Scientist),Data Scientist
Product Data Science Managers,Other
(Advanced) Data Developer,Other
Data Scientist (Junior),Data Scientist
Data Scientist (Data Scientist),Data Scientist
Full Stack Entwickler,Other
Working Student Data Analytics SURU,Other
SAP Analytics Expert,Other
Wirtschaftsinformatiker für Demand Planning Diagnostics,Other
Junior Data Scientist (Data Scientist),Data Scientist
Founding Software Engineer,Data Engineer
Data Enthusiast,Other
Spezialist für Verkehrsdatenanalyse,Other
Doktorand für die Konzipierung und Implementierung von KI-gestützten Produktionssystemen,Other
Masterarbeit: Schnelleres Erkennen unbekannter Gegenstände unter Wasser dank Few Shot Learning,Other
"Senior Applied Scientist, ATS Science and Technology",Other
DevOps & Cloud Engineer - Data Analytics & AI,Data Engineer
SAP Analytics Architect,Other
Postdoktorand:in,Other
Working student in Data Science starting January 2025,Other
ETL-Entwickler Azure Data Factory,Other
Referent Netzplanungsdatenmanagement,Other
Internship in Customer Preferences & Vehicle Recommendations starting February/March 2025,Other
Data Architekt,Other
Analyst Short Term Trading in Renewable Energies,Data Analyst
Senior Associate Quantitative Analyse,Other
Abschlussarbeit im Bereich Datenstrategie und Künstliche Intelligenz,Other
Fachreferent/in für Künstliche Intelligenz A13/E13,Other
Data Analyst Campaigning,Data Analyst
Semantics Engineer,Data Engineer
Data Engineer Schwerpunkt Kundenpersonalisierung,Data Engineer
Abschlussarbeit im Bereich: KI basierte Generierung von Schiffsgeräuschen,Other
AI Cloud Engineer,Data Engineer
Intern automation and computer vision in microscopy,Other
Junior Business Intelligence Consultant,Business Intelligence (BI)
HR Business Partner,Other
Junior Cloud Engineer,Data Engineer
"Senior Essential Adoption Service Consultant - Data Science, Automation & Technology",Data Consultant
"Duales Studium Bachelor of Science in Data Science und Künstlicher Intelligenz, ab 09/2025",Other
Sales Manager / Sales Development Representative,Other
(Senior)Machine Learning Data Scientis,Machine Learning Engineer
Sales Consultant Digital Solutions,Data Consultant
Senior Data Engineer,Data Engineer
(Senior) Data Analyst,Data Analyst
(Senior) Business & Data Analyst,Data Analyst
(Senior-) Software Engineer,Data Engineer
(Senior-) Digital Transformation Engineer - Data Science,Data Engineer
"Gruppenleiter Sach-Firmen SF - Strategie, Steuerung, Pricing und Produktmanagement für das Geschäftsfeld Sach-Firmen",Other
Senior Controller Projektmanagement [JR105408],Other
(Senior) Consultant Data Strategy & Governance,Data Consultant
Product Owner - Buchhaltung & Berichte,Other
Sales / Vertrieb Weiterbildung - Jobchance für Remote-Workers (Teilzeit),Other
"Account Manager:in für Sound Branding, Podcasts und Audiospots",Other
Backend Software Engineer - Remote,Data Engineer
_Softwareentwicklung Jobs im Landkreis Bodenseekreis,Other
Lead AI Engineer | Jobs at ES-Tec GmbH,Data Engineer
AI (Agent) Engineer | Jobs at VisionAI - Jobs,Data Engineer
Senior Software Engineer,Data Engineer
Engineering Manager - Applied Generative AI  @ Babbel | NGP Capital Job Board,Data Engineer
Principal Software Engineer,Data Engineer
(Senior) Consultant Tech & AI Implementation,AI/ML Specialist
Werkstudent Data Analytics / Business Intelligence AurumCars,Business Intelligence (BI)
Wissenschaftlicher Mitarbeiter Pharmakovigilanz,Other
Werkstudent Operations & Digital Project Management Mietwagen,Other
Werkstudent Data Management AurumCars,Other
Working Student Digital Product Management AurumCars,Other
Werkstudent Digital Produktmanagement AurumCars,Other
Leitung für den Sachbereich Personalmanagement und Zentralaufgaben,Other
Informatiker*in  für den Bereich High Performance Computing (HPC) / Infrastruktur,Other
Working Student Partner Management AurumCars,Other
Werkstudent Digital Produktmanagement Mietwagen,Other
Werkstudent Technisches Produktmanagement / Partnermanagement Mietwagen,Other
(Junior) Produktmanager Operations Analytics Mietwagen,Other
Cloud Engineer m/w/d,Data Engineer
Doktorand:in – Untersuchung der Rolle zukünftiger Energietechnologien mit Hilfe von Natural Language Processing und Data Science,Other
Werkstudent Digital Produktmanagement Web & App – Mietwagen Spanien,Other
"Werkstudent:in / Studentische Hilfskraft im Bereich Energie, Verkehr und Infrastruktur",Other
Junior Prozessmanager InsurTech,Other
(Junior) Produktmanager SEO-Automatisierung Mietwagen,Other
(Junior) Digital Produktmanager Payment Mietwagen,Other
(Junior) Technischer Produktmanager Partnermanagement Mietwagen,Other
(Junior) Digital Produktmanager AurumCars,Other
(Junior) Produktmanager Chatbot Mietwagen,Other
(Junior) Digital Produktmanager Mietwagen,Other
(Junior) Produktmanager / Operationsmanager Automatisierung Mietwagen,Other
(Junior) Online-Marketing Produktmanager Mietwagen,Other
Data Integrity Specialist Pharma,Other
"Applied Scientist, ATS Machine Learning & Engineering",Machine Learning Engineer
Data Architect,Other
(Senior) Data & AI PreSales Consultant,AI/ML Specialist
Software Engineer (m/f/div) – Data Lake Architect,Data Engineer
Data Solutions Specialist,Other
Ingenieur technische Integritätsbewertung und Datenanalyse,Other
Datenanalysten/in für Modelle in der konjunkturstatistischen Erhebung im Gastgewerbe,Data Analyst
Research Scientist,Research Scientist
Masterarbeit im Bereich Data Science und AI Development ab Januar 2025,AI/ML Specialist
SAP Business Analyst Data Migrations,Data Analyst
Bilanzmathematiker / Statistiker,Other
Business Intelligence Analyst mit Schwerpunkt Sales,Data Analyst
"Business Data Analyst im LSZ - Qualität und Support, Referat Stab Reporting und Controlling",Data Analyst
Business Intelligence Engineer,Data Engineer
"Business Intelligence Engineer, WHS Data",Data Engineer
Datenanalyst:in Metering,Data Analyst
IT Business Analyst*in Data Warehouse & Business Intelligence (in Voll- oder Teilzeit),Data Analyst
Customer Data Consultant,Data Consultant
Datenanalyst / Data Analyst Risikomanagement,Data Analyst
Inhouse Consultant Master Data Management Kunde/Lieferant (w/m/div.),Data Consultant
Inhouse Consultant - Schwerpunkt Datamanagement,Data Consultant
Digital Trust and Safety Analyst with German,Data Analyst
Mitarbeiterin/Mitarbeiter im Bereich Zahlen- und Datenanalyse,Other
Werkstudent Machine Learning Engineer,Machine Learning Engineer
Big Data DevOps Engineer | (DSIDMG),Data Engineer
Junior / Medior Model Validator – Credit Risk,Other
Planer*in für das Sachgebiet -Räumliche Entwicklungsplanung- im Amt für Stadtentwicklung und Statistik,Other
Experte für Fahrzeug-Telematikdaten und Datenanalysen - hybrides Arbeiten (Remote & Präsenz),Other
Analyst & Marketing Technology Manager,Data Analyst
"ERP Business Analyst, Microsoft Business Central Digital Development",Data Analyst
Prüfungsassistent / Consultant Audit & Advisory mit Schwerpunkt Energy & Public,Data Consultant
SAP Consultant - Energy / Utilities / Remote,Data Consultant
Praktikum im Bereich Machine Learning Engineer ab Februar/März 2025,Machine Learning Engineer
Junior Consultant Big Data für Weltkonzern,Data Consultant
Machine Learning Platform Engineers,Machine Learning Engineer
CRM Data Specialist *,Other
"Enterprise Solutions Engineer, Germany",Data Engineer
Data Analytics Architect,Other
Financial Engineer m/w/d,Data Engineer
Datenanalyst für Logistikprozesse,Data Analyst
Data Specialist,Other
Business Analyst – Data Analytics Vertriebsplanung | Banking,Data Analyst
Spezialist Customer Data Governance,Other
Pflichtpraktikum im eBusiness - Business Intelligence & Digital Analyst,Data Analyst
"Business Intelligence Engineer (BIE), Supply Chain Outbound Execution",Data Engineer
Junior Cloud Data Engineer – Google Looker & BigQuery,Data Engineer
Business Analyst Data Management,Data Analyst
Business Analyst - im Team Data Science Solutions,Data Analyst
Financial Data Specialist – Bonds / Wertpapiere,Other
Business Data Analyst,Data Analyst
Bioinformatician (m/f/div) Immunogenetics,Other
Financial Data Specialist – Masterdata Shares / Funds,Other
Financial Data Specialist Corporate Actions Shares & Funds,Other
"Senior Consultant Data Analytics, gern Informatiker:in, Mathematiker:in oder erfahrener Data Analyst",Data Analyst
Datenanalyst,Data Analyst
Experte für Fahrzeug Telematikdaten und Datenanalysen,Other
Business Analyst – Data Quality,Data Analyst
Unterstützung im Bereich Einnahmeaufteilung & Statistik,Other
"Master Data Operator (Schwerpunkt: Liquor, Tobacco & Confectionary)",Other
Beschäftigte/r Qualitätsmanagement und Datenanalyse,Other
Technical Support Consultant Data Center Operational Technology Management Software,Data Consultant
"Consultant Energy, Environment & Telecommunication",Data Consultant
"Business Intelligence Engineer, Transportation, Global Transportation Services",Data Engineer
Mitarbeiter/-in Projektmanagement digitaler Service / Datenanalyse,Other
Datenanalyst im Bereich Energiewirtschaft,Data Analyst
Senior Cloud Data Engineer,Data Engineer
(Cloud) Data Engineer / BI Developer,Data Engineer
Datenanalyst / Data Analyst,Data Analyst
Fachkraft für den Bereich Einnahmeaufteilung & Statistik,Other
Data Engineer* / Machine Learning Engineer*,Machine Learning Engineer
Supply- Chain- Daten Analyst:in - unbefristet,Data Analyst
Salesforce Data Analyst CRM-Marketing,Data Analyst
Datenanalyst im Vertriebsmanagement,Data Analyst
Business / Data Analyst Real Estate Consulting Digitalisierungsberatung,Data Analyst
Internationaler Datenanalyst / Projektassistenz Procurement Data Analyst im internationalen Food und NON Food Einkauf,Data Analyst
IT Consultant Energy,Data Consultant
"Junior Data & Survey Engineer, Quantitative Marktforschung",Data Engineer
Business / Data Analyst,Data Analyst
Middleware Analyst / SAP Consultant PO/IS,Data Analyst
Business Process Analyst – Marketing & Sales,Data Analyst
"Data Steward SAP S/4HANA - ""Business Partner""",Other
"ERP Business Analyst, SAP Digital Development",Data Analyst
Quant Developer,Other
Master Data Assistant m/w/d,Other
Financial Engineer Expert,Data Engineer
Student für ein Praktikum als Data Analyst im Bereich Business Development/ Intelligence,Data Analyst
Business Intelligence Expert F-35,Business Intelligence (BI)
Big Data Architect,Other
MDM Developer - Junior Data Engineer Stammdaten,Data Engineer
Datenarchitekt Versicherungsplattform,Other
Data Driven Business Consultant - Automotive,Data Consultant
IT Consultant Energy & Utilities,Data Consultant
Consultant Künstliche Intelligenz / Artificial Intelligence Energy,AI/ML Specialist
SAP Inhouse (Senior) Consultant in Business Analytics,Data Consultant
Production Technology Engineer,Data Engineer
(Senior) DevOps Data Integration Engineer,Data Engineer
Senior Machine Learning Scientist for GenAI,Machine Learning Engineer
Senior Analyst / Engineer im Bereich IT Data Analytics & Integration,Data Analyst
(Senior) Data Engineer,Data Engineer
(Senior) Business Analyst / Data Analyst,Data Analyst
Senior Data Architect,Other
Solutions Engineer,Data Engineer
Applied Machine Learning Engineers,Machine Learning Engineer
(Senior) Process Analyst / Prozessberater Reporting – SAP BW / BPC / Power BI / Tableau,Data Analyst
(Senior) SAP Consultant  Business Intelligence & Analytics,Business Intelligence (BI)
Senior Data Engineer* / Machine Learning Engineer*,Machine Learning Engineer
(Senior) Data Engineer / Data Warehouse Entwickler,Data Engineer
Senior Consultant SAP Data & Analytics,Data Consultant
"(Senior) Data & Survey Engineer, Quantitative Marktforschung",Data Engineer
Senior Consultant / Solution Architect Data Management Manufacturing,Data Consultant
Senior Consultant Data Management,Data Consultant
Senior Consultant / Solution Architect Data Management Manufacturing  3,Data Consultant
Senior Big Data Engineer,Data Engineer
Network Engineers (m/f/div),Data Engineer
PhD Candidate: Spatial Metabolomics,Other
Dr. rer. nat. Physik / Chemie / Materialwissenschaften - Teamleitung & Projektmanagement,Other
Computer Scientist – Mendel Verlag,Other
Scientific Software Engineer,Data Engineer
Machine Learning / AI - Engineer - Hybrid Working,Machine Learning Engineer
"AI Architect / Machine Learning Engineer (m,f,d)",Machine Learning Engineer
Produkt- und Datenanalyst/in (Kaufmann/-frau - Versicherungen u. Finanzen - Versicherung),Data Analyst
Research assistant for AAI and federated services project ROCK-IT,Research Scientist
Data Architect AI/ML | Jobs bei Pexon Consulting GmbH,AI/ML Specialist
Festanstellung im Bereich Data Analytics und Machine Learning für Datenanalyse-Startup in München,Machine Learning Engineer
Information Security Management Consultant mit Schwerpunkt DORA,Data Consultant
Senior Data Consultant,Data Consultant
Business & Data Analyst,Data Analyst
"Consultant im Bereich Energy, Transformation & Sustainability",AI/ML Specialist
Business Intelligence / Data Analytics-& Management Consultant,Business Intelligence (BI)
Senior Data Quality Consultant gesucht - curexus,Data Consultant
Senior Data Engineer Azure & Snowflake in Mainz m/w/d (Data Engineer),Data Engineer
HYDROGEN TECHNOLOGY RESEARCH ENGINEER,Data Engineer
E-Commerce Analyst & Marketing Support Manager (Kaufmann/-frau - E-Commerce),Data Analyst
Mitarbeiter Datenanalyse im HomeOffice,Other
TOP TECHNOLOGIES CONSULTING GmbH – Berater (Mensch) Data Lifecycle Management,Other
Pre-Sales Consultant Datacenter - Süd (Data-Consultant),Data Consultant
Cloud Big Data Engineer / DevOps Engineer,Data Engineer
"Prozess-und Betriebsdatenspezialist (m,w,d) (Berufsspezialist/in - Datenanalyse)",Other
Mitarbeiter im Qualitätsmanagement (Fachinformatiker/in - Daten- und Prozessanalyse),Other
(Senior) Data Engineer | Jobs bei Pexon Consulting GmbH,Data Engineer
Sr. Data Engineer,Data Engineer
Senior Database Engineer (Data Engineer),Data Engineer
(Senior) Data Engineer (Informatiker/in),Data Engineer
Chemical Technical Assistant,Other
Job Offer: Account Manager * - Lipotype GmbH,Other
Senior Quant Developer,Other
Senior Regional Marketing Manager,Other
Remote (Sr.) Python Data Scientist,Data Scientist
Researcher / Project Manager,Research Scientist
Data Scientist*in,Data Scientist
"Bachelor of Science Data Science und Künstliche Intelligenz, Start 2026",Other
Manufacturing Data Analyst,Data Analyst
"Research Associate for the Project “DASHH - Data Science in Hamburg - Helmholtz Graduate School for the Structure of Matter, dAIbetes” § 28 Subsection 3 HmbHG",Research Scientist
Senior Software Engineer (Python),Data Engineer
Praktikum: Data Science,Other
Data Assimilation Scientist,Other
Lead Data Scientist NLP,Data Scientist
"Software Engineer (Python, Machine Learning, Cloud) - Remote",Machine Learning Engineer
"Data Scientist, Germany - BCG X",Data Scientist
Senior Data Scientist - ID: 233,Data Scientist
Business Intelligence Developer Tech / E-Commerce,Business Intelligence (BI)
Senior Scientist Machine Learning - Causal Machine Learning,Machine Learning Engineer
Consultant Datamanagement & Data Analyst,Data Analyst
Internship Program Autumn 2025,Other
Data Scientist / Analyst,Data Scientist
Innovation Cup 2025 - Team Neuroinspired AI inference acceleration,AI/ML Specialist
"Applied Scientist, Amazon Nova",Other
(Senior) Data Scientist – Schwerpunkt Predictive Modelling und GenAI ab 01.04.25,Data Scientist
Senior Scientist Machine Learning / Deep Learning,Machine Learning Engineer
Data Analytics Consultant,Data Consultant
"Principal, Same Day, Long-term planning",Other
